{
	"partitions" : [
		{
			"name" : "Top",
			"pins" : [
				{
					"name" : "Shift_Control_val",
					"strict" : false
				},
				{
					"name" : "Add_val",
					"strict" : false
				},
				{
					"name" : "ClearXA_Control_val",
					"strict" : false
				},
				{
					"name" : "Itsthetime_val",
					"strict" : false
				},
				{
					"name" : "Mval",
					"strict" : false
				},
				{
					"name" : "Bval[0]",
					"strict" : false
				},
				{
					"name" : "Bval[1]",
					"strict" : false
				},
				{
					"name" : "Bval[2]",
					"strict" : false
				},
				{
					"name" : "Bval[3]",
					"strict" : false
				},
				{
					"name" : "Bval[4]",
					"strict" : false
				},
				{
					"name" : "Bval[5]",
					"strict" : false
				},
				{
					"name" : "Bval[6]",
					"strict" : false
				},
				{
					"name" : "Bval[7]",
					"strict" : false
				},
				{
					"name" : "Sval[0]",
					"strict" : false
				},
				{
					"name" : "Sval[1]",
					"strict" : false
				},
				{
					"name" : "Sval[2]",
					"strict" : false
				},
				{
					"name" : "Sval[3]",
					"strict" : false
				},
				{
					"name" : "Sval[4]",
					"strict" : false
				},
				{
					"name" : "Sval[5]",
					"strict" : false
				},
				{
					"name" : "Sval[6]",
					"strict" : false
				},
				{
					"name" : "Sval[7]",
					"strict" : false
				},
				{
					"name" : "BhexL[0]",
					"strict" : false
				},
				{
					"name" : "BhexL[1]",
					"strict" : false
				},
				{
					"name" : "BhexL[2]",
					"strict" : false
				},
				{
					"name" : "BhexL[3]",
					"strict" : false
				},
				{
					"name" : "BhexL[4]",
					"strict" : false
				},
				{
					"name" : "BhexL[5]",
					"strict" : false
				},
				{
					"name" : "BhexL[6]",
					"strict" : false
				},
				{
					"name" : "BhexU[0]",
					"strict" : false
				},
				{
					"name" : "BhexU[1]",
					"strict" : false
				},
				{
					"name" : "BhexU[2]",
					"strict" : false
				},
				{
					"name" : "BhexU[3]",
					"strict" : false
				},
				{
					"name" : "BhexU[4]",
					"strict" : false
				},
				{
					"name" : "BhexU[5]",
					"strict" : false
				},
				{
					"name" : "BhexU[6]",
					"strict" : false
				},
				{
					"name" : "Clk",
					"strict" : false
				},
				{
					"name" : "SW[0]",
					"strict" : false
				},
				{
					"name" : "SW[1]",
					"strict" : false
				},
				{
					"name" : "SW[2]",
					"strict" : false
				},
				{
					"name" : "SW[3]",
					"strict" : false
				},
				{
					"name" : "SW[4]",
					"strict" : false
				},
				{
					"name" : "SW[5]",
					"strict" : false
				},
				{
					"name" : "SW[6]",
					"strict" : false
				},
				{
					"name" : "SW[7]",
					"strict" : false
				},
				{
					"name" : "Reset",
					"strict" : false
				},
				{
					"name" : "Run",
					"strict" : false
				}
			]
		}
	]
}