{
	"partitions" : [
		{
			"name" : "Top",
			"pins" : [
				{
					"name" : "Xval",
					"strict" : false
				},
				{
					"name" : "Aval[0]",
					"strict" : false
				},
				{
					"name" : "Aval[1]",
					"strict" : false
				},
				{
					"name" : "Aval[2]",
					"strict" : false
				},
				{
					"name" : "Aval[3]",
					"strict" : false
				},
				{
					"name" : "Aval[4]",
					"strict" : false
				},
				{
					"name" : "Aval[5]",
					"strict" : false
				},
				{
					"name" : "Aval[6]",
					"strict" : false
				},
				{
					"name" : "Aval[7]",
					"strict" : false
				},
				{
					"name" : "Bval[0]",
					"strict" : false
				},
				{
					"name" : "Bval[1]",
					"strict" : false
				},
				{
					"name" : "Bval[2]",
					"strict" : false
				},
				{
					"name" : "Bval[3]",
					"strict" : false
				},
				{
					"name" : "Bval[4]",
					"strict" : false
				},
				{
					"name" : "Bval[5]",
					"strict" : false
				},
				{
					"name" : "Bval[6]",
					"strict" : false
				},
				{
					"name" : "Bval[7]",
					"strict" : false
				},
				{
					"name" : "HEX0[0]",
					"strict" : false
				},
				{
					"name" : "HEX0[1]",
					"strict" : false
				},
				{
					"name" : "HEX0[2]",
					"strict" : false
				},
				{
					"name" : "HEX0[3]",
					"strict" : false
				},
				{
					"name" : "HEX0[4]",
					"strict" : false
				},
				{
					"name" : "HEX0[5]",
					"strict" : false
				},
				{
					"name" : "HEX0[6]",
					"strict" : false
				},
				{
					"name" : "HEX1[0]",
					"strict" : false
				},
				{
					"name" : "HEX1[1]",
					"strict" : false
				},
				{
					"name" : "HEX1[2]",
					"strict" : false
				},
				{
					"name" : "HEX1[3]",
					"strict" : false
				},
				{
					"name" : "HEX1[4]",
					"strict" : false
				},
				{
					"name" : "HEX1[5]",
					"strict" : false
				},
				{
					"name" : "HEX1[6]",
					"strict" : false
				},
				{
					"name" : "HEX2[0]",
					"strict" : false
				},
				{
					"name" : "HEX2[1]",
					"strict" : false
				},
				{
					"name" : "HEX2[2]",
					"strict" : false
				},
				{
					"name" : "HEX2[3]",
					"strict" : false
				},
				{
					"name" : "HEX2[4]",
					"strict" : false
				},
				{
					"name" : "HEX2[5]",
					"strict" : false
				},
				{
					"name" : "HEX2[6]",
					"strict" : false
				},
				{
					"name" : "HEX3[0]",
					"strict" : false
				},
				{
					"name" : "HEX3[1]",
					"strict" : false
				},
				{
					"name" : "HEX3[2]",
					"strict" : false
				},
				{
					"name" : "HEX3[3]",
					"strict" : false
				},
				{
					"name" : "HEX3[4]",
					"strict" : false
				},
				{
					"name" : "HEX3[5]",
					"strict" : false
				},
				{
					"name" : "HEX3[6]",
					"strict" : false
				},
				{
					"name" : "Clk",
					"strict" : false
				},
				{
					"name" : "SW[7]",
					"strict" : false
				},
				{
					"name" : "Reset",
					"strict" : false
				},
				{
					"name" : "SW[6]",
					"strict" : false
				},
				{
					"name" : "SW[5]",
					"strict" : false
				},
				{
					"name" : "SW[0]",
					"strict" : false
				},
				{
					"name" : "SW[1]",
					"strict" : false
				},
				{
					"name" : "SW[2]",
					"strict" : false
				},
				{
					"name" : "SW[3]",
					"strict" : false
				},
				{
					"name" : "SW[4]",
					"strict" : false
				},
				{
					"name" : "Run",
					"strict" : false
				}
			]
		}
	]
}