{
	"system" : {
		"platform" : "windows64",
		"os_name" : "Windows 10",
		"os_version" : "10.0"
	},
	"error" : {
		"executable" : "quartus",
		"comment" : "not_applicable",
		"error_message" : "Access Violation at 0X00007FF9B01B5D18",
		"source_file" : "unknown",
		"line" : "0",
		"stack_trace" : "\t0x7ff9b01b5d17: SYS_QUI + 0x15d17 (?clear_msg@QUI_DISPLAY@@QEAAXXZ + 0x97)\n\t0x7ff9b01d023f: SYS_QUI + 0x3023f (?ntfq_msg_post_notify_project_close@QUI_FRAME_WND@@UEAA_N_K_N@Z + 0x4f)\n\t0x7ffa18ce771f: SYS_QGQ + 0x771f (?ntfq_msg_post_notify_project_close@QGQ_MAIN_WINDOW@@UEAA_N_K_N@Z + 0x1f)\n\t0x7ffa18de2050: ccl_ntfq + 0x2050 (?dispatch_notify_msg@NTFQ_NOTIFY_TARGET@@IEAA_NPEBVNTFQ_NOTIFY_MAP@@I_K_N@Z + 0x60)\n\t0x7ffa18de210b: ccl_ntfq + 0x210b (?on_ntfq_notify@NTFQ_NOTIFY_TARGET@@UEAA_NI_K_N@Z + 0x3b)\n\t0x7ffa18de2c71: ccl_ntfq + 0x2c71 (?broadcast_notify@NTFQ_NOTIFY_MGR@@UEAA_NI_K@Z + 0xb1)\n\t0x7ffa0b456739: sys_proj + 0x6739 (?close_impl@PROJ_PROJECT@@AEAA_NXZ + 0x289)\n\t0x7ffa0b4562ed: sys_proj + 0x62ed (?close@PROJ_PROJECT@@SA_NXZ + 0x6d)\n\t0x7ff9b01c45b1: SYS_QUI + 0x245b1 (?closeEvent@QUI_FRAME_WND@@MEAAXPEAVQCloseEvent@@@Z + 0x1f1)\n\t 0x76c00be1: QtGui4 + 0x60be1 (?event@QWidget@@MEAA_NPEAVQEvent@@@Z + 0x521)\n\t 0x76f39d30: QtGui4 + 0x399d30 (?event@QMainWindow@@MEAA_NPEAVQEvent@@@Z + 0x280)\n\t 0x76bc2e95: QtGui4 + 0x22e95 (?notify_helper@QApplicationPrivate@@QEAA_NPEAVQObject@@PEAVQEvent@@@Z + 0xf5)\n\t 0x76bc2b2f: QtGui4 + 0x22b2f (?notify@QApplication@@UEAA_NPEAVQObject@@PEAVQEvent@@@Z + 0x17bf)\n\t 0x769bd92b: QtCore4 + 0x10d92b (?notifyInternal@QCoreApplication@@AEAA_NPEAVQObject@@PEAVQEvent@@@Z + 0x7b)\n\t 0x76bfe258: QtGui4 + 0x5e258 (?close_helper@QWidgetPrivate@@QEAA_NW4CloseMode@1@@Z + 0xa8)\n\t 0x76c27956: QtGui4 + 0x87956 (?winMouseButtonUp@QApplication@@SAXXZ + 0x1006)\n\t0x7ffa259a1c4b: USER32 + 0x11c4b (CallWindowProcW + 0x43b)\n\t0x7ffa259a179b: USER32 + 0x1179b (EnumChildWindows + 0x19b)\n\t0x7ffa259b4c0c: USER32 + 0x24c0c (IsIconic + 0x1bc)\n\t0x7ffa27967ad3: ntdll + 0xa7ad3 (KiUserCallbackDispatcher + 0x23)\n\t0x7ffa25161433: win32u + 0x1433 (NtUserMessageCall + 0x13)\n\t0x7ffa2599e7a7: USER32 + 0xe7a7 (GetWindowTextW + 0x7f7)\n\t0x7ffa2599df6e: USER32 + 0xdf6e (GetDpiForSystem + 0x35e)\n\t0x7ffa21efa20f: uxtheme + 0xa20f (Ordinal119 + 0x87f)\n\t0x7ffa21ef7131: uxtheme + 0x7131 (Ordinal137 + 0x3c1)\n\t0x7ffa21f0032d: uxtheme + 0x1032d (ThemeInitApiHook + 0x131d)\n\t0x7ffa21effc90: uxtheme + 0xfc90 (ThemeInitApiHook + 0xc80)\n\t0x7ffa2599e574: USER32 + 0xe574 (GetWindowTextW + 0x5c4)\n\t 0x7709bbf7: QtGui4 + 0x4fbbf7 (?widgetDestroyed@QInputContext@@UEAAXPEAVQWidget@@@Z + 0x307)\n\t 0x76c27915: QtGui4 + 0x87915 (?winMouseButtonUp@QApplication@@SAXXZ + 0xfc5)\n\t0x7ffa259a1c4b: USER32 + 0x11c4b (CallWindowProcW + 0x43b)\n\t0x7ffa259a179b: USER32 + 0x1179b (EnumChildWindows + 0x19b)\n\t0x7ffa259b4c0c: USER32 + 0x24c0c (IsIconic + 0x1bc)\n\t0x7ffa27967ad3: ntdll + 0xa7ad3 (KiUserCallbackDispatcher + 0x23)\n\t0x7ffa25161433: win32u + 0x1433 (NtUserMessageCall + 0x13)\n\t0x7ffa2599e7a7: USER32 + 0xe7a7 (GetWindowTextW + 0x7f7)\n\t0x7ffa2599df6e: USER32 + 0xdf6e (GetDpiForSystem + 0x35e)\n\t0x7ffa21efa20f: uxtheme + 0xa20f (Ordinal119 + 0x87f)\n\t0x7ffa21ef7370: uxtheme + 0x7370 (Ordinal137 + 0x600)\n\t0x7ffa21f0032d: uxtheme + 0x1032d (ThemeInitApiHook + 0x131d)\n\t0x7ffa21effc90: uxtheme + 0xfc90 (ThemeInitApiHook + 0xc80)\n\t0x7ffa2599e574: USER32 + 0xe574 (GetWindowTextW + 0x5c4)\n\t 0x7709bbf7: QtGui4 + 0x4fbbf7 (?widgetDestroyed@QInputContext@@UEAAXPEAVQWidget@@@Z + 0x307)\n\t 0x76c27915: QtGui4 + 0x87915 (?winMouseButtonUp@QApplication@@SAXXZ + 0xfc5)\n\t0x7ffa259a1c4b: USER32 + 0x11c4b (CallWindowProcW + 0x43b)\n\t0x7ffa259a0ea5: USER32 + 0x10ea5 (DispatchMessageW + 0x2b5)\n\t 0x769e2802: QtCore4 + 0x132802 (?processEvents@QEventDispatcherWin32@@UEAA_NV?$QFlags@W4ProcessEventsFlag@QEventLoop@@@@@Z + 0x3e2)\n\t 0x76c20eb4: QtGui4 + 0x80eb4 (?openPopup@QApplicationPrivate@@QEAAXPEAVQWidget@@@Z + 0x204)\n\t 0x769ba88b: QtCore4 + 0x10a88b (?exec@QEventLoop@@QEAAHV?$QFlags@W4ProcessEventsFlag@QEventLoop@@@@@Z + 0x22b)\n\t 0x769bce6f: QtCore4 + 0x10ce6f (?exec@QCoreApplication@@SAHXZ + 0xdf)\n\t0x7ff681c3197b: quartus + 0x197b (?qgq_main@@YAHHPEAPEBD@Z + 0x7b)\n\t0x7ffa0b722e98: CCL_MSG + 0x12e98 (?msg_main_thread@@YAPEAXPEAX@Z + 0x18)\n\t0x7ffa0b72467e: CCL_MSG + 0x1467e (?msg_thread_wrapper@@YAPEAXP6APEAXPEAX@Z0@Z + 0x6e)\n\t0x7ffa0b8d6660: ccl_mem + 0x16660 (?mem_thread_wrapper@@YAPEAXP6APEAXPEAX@Z0@Z + 0x70)\n\t0x7ffa0b722761: CCL_MSG + 0x12761 (?msg_exe_main@@YAHHPEAPEBDP6AHH0@Z@Z + 0xa1)\n\t0x7ff681c324e7: quartus + 0x24e7 (WinMain + 0x127)\n\t0x7ff681c31e58: quartus + 0x1e58 (__tmainCRTStartup + 0x148)\n\t0x7ffa260054df: KERNEL32 + 0x154df (BaseThreadInitThunk + 0xf)\n\t0x7ffa278c485a: ntdll + 0x485a (RtlUserThreadStart + 0x2a)\n",
		"subsystem" : "unknown"
	},
	"quartus" : {
		"quartus_bits" : "64",
		"version" : "18.1.0",
		"build" : "625",
		"edition" : "Lite Edition"
	}
}